governance_type,ecological_site,Site,Region,District,Village,surveyNo,a.1.1,a.1.2,a.1.3,a.1.4,a.2.1,a.2.2,a.2.3,a.2.4,a.3.1,a.3.2,a.3.3,a.4.1,a.4.2,a.4.3,b.1.1,b.1.2,b.1.3,b.2.1,b.2.2,b.2.3,b.3.1,b.3.2,b.3.3,b.3.4,b.4.1,b.4.2,b.4.3,b.5.1,b.5.2,b.5.3
Implementation of LMMAs in progress,Mangrove,Mahajamba,Boeny,Majunga_II,Andranoboka,D002,1,0.94,1,0.4118,0,0.25,0.6,0.6,0,1,1,0.4,0.3333,0.75,0.25,1,0,0.2638,0.5,0,0.3333,0,1,0.25,0.75,1,0.1667,0.3,0,0
Implementation of LMMAs in progress,Mangrove,Mahajamba,Boeny,Majunga_II,Andranoboka,D003,1,0.96,1,0.4706,0,0.2794,0.6667,0.3333,0,1,0,0.46,0.4583,0.75,0,1,1,0.2344,0.5,0,0.3333,0,0.25,0.25,0.25,0,0.3333,0.75,1,1
Implementation of LMMAs in progress,Mangrove,Mahajamba,Boeny,Majunga_II,Andranoboka,D004,1,0.96,1,0.2353,0,0.4265,0.6,0.6,1,1,0,0.22,0.3333,0.75,0.25,1,0,0.1939,0.5,0,0.3333,0,0.5,0.25,0.75,0,0.3333,0.6,0,1
Implementation of LMMAs in progress,Mangrove,Mahajamba,Boeny,Majunga_II,Andranoboka,D005,1,0.97,1,0.1569,0,0.3676,0.7143,0.7143,0,1,1,0.14,0.3333,0.75,0.25,1,0,0.1738,0.5,0,0.3333,0.5,0.75,0.25,0.75,0,0.3333,0.75,0,1
Implementation of LMMAs in progress,Mangrove,Mahajamba,Boeny,Majunga_II,Andranoboka,D006,1,0.98,1,0.5294,0,0.6471,0.5,0.8,1,0,1,0.52,0.4583,0.75,0,1,0,0.3186,0.5,0,0.3333,1,0,0.25,0.75,0,0.5,0.75,0,1
Implementation of LMMAs in progress,Mangrove,Mahajamba,Boeny,Majunga_II,Andranoboka,D007,1,0.98,1,0.3137,1,0.4853,0.5,0.5,1,1,1,0.3,0.4583,0.75,0.25,1,0,0.3461,0.5,0,0.3333,0.5,0.5,0.25,0.75,0,0.3333,0.75,0,1
Implementation of LMMAs in progress,Mangrove,Mahajamba,Boeny,Majunga_II,Andranoboka,D008,1,0.98,1,0.1176,0,0.0882,0.5,0.5,1,0,1,0.1,0.4583,0.75,0.25,1,0,0.1,0.5,0,0.3333,0.75,0.5,0.25,0.75,0,0.3333,0.75,0,0
Implementation of LMMAs in progress,Mangrove,Mahajamba,Boeny,Majunga_II,Andranoboka,D009,1,0.94,1,0.1176,0,0.3382,0.3333,0.6667,1,1,0,0.1,0.3333,0.75,0.25,1,0,0.0521,0.5,0,0,0,0.5,0.25,0.25,0,0.3333,0.3,0,1
Implementation of LMMAs in progress,Mangrove,Mahajamba,Boeny,Majunga_II,Andranoboka,D010,1,0.98,1,0.1765,0,0.1324,0.3333,0.6667,1,1,1,0.22,0.3333,0.75,0,1,0,0.0741,0.5,0,0,0,0.25,0.25,0.75,0,0.3333,0.75,0,1
Implementation of LMMAs in progress,Mangrove,Mahajamba,Sofia,Majunga_II,Besakoa,D011,1,0.98,1,0.1765,0,0.1324,0,0,1,1,1,0.02,0.3333,0.75,0.25,1,1,0.1275,0.75,0,0,0,0,0.25,0,0,0.3333,0.3,1,1
Implementation of LMMAs in progress,Mangrove,Mahajamba,Sofia,Majunga_II,Besakoa,D012,1,0.97,1,0.1569,0,0.1176,0,0,1,1,1,0.02,0.3333,0.75,0.5,1,1,0.2284,0.75,0,0,0,0.75,0.25,0.75,0,0.3333,0.75,0,1
Implementation of LMMAs in progress,Mangrove,Mahajamba,Sofia,Majunga_II,Besakoa,D013,1,0.98,1,0.0588,0,0.0441,0,0.5,1,1,1,0.36,0.3333,0.75,0,1,0.8,0.0221,0.75,0,0,0,0,0.25,0.25,0,0.3333,0.75,0,1
Implementation of LMMAs in progress,Mangrove,Mahajamba,Sofia,Majunga_II,Besakoa,D014,1,0.86,1,0.0392,0,0.0294,0.5,0.5,1,1,1,0.1,0.4583,0.75,0.25,1,0.4,0.0796,0.75,0,0,0,0.25,0.25,0.75,0,0.3333,0.45,0,1
Implementation of LMMAs in progress,Mangrove,Mahajamba,Sofia,Majunga_II,Besakoa,D015,1,0.96,1,0.0196,0,0.0147,0.5,0.5,1,1,0,0.12,0.4583,0.75,0,1,1,0.3453,0.75,0,0.3333,0,0.25,0.25,0.75,0,0.3333,0.6,0,1
Implementation of LMMAs in progress,Mangrove,Mahajamba,Sofia,Majunga_II,Besakoa,D016,1,0.99,1,0.1961,0,0.1471,0.6,0.6,1,1,1,0.36,0.4583,0.75,0,1,0,0.0949,0.75,0,0,0,0.25,0.25,0.25,0,0.3333,0.3,0,1
Implementation of LMMAs in progress,Mangrove,Mahajamba,Sofia,Majunga_II,Besakoa,D017,1,0.93,1,0.0392,0,0.0294,0.4286,0.7143,1,0,1,0.42,0.4583,0.75,0,1,1,0.0858,0.75,0,0,0.75,0,0.25,0.75,0,0.3333,0.75,0,1
Implementation of LMMAs in progress,Mangrove,Mahajamba,Sofia,Port_Berger,Tsinjoarivo,D018,1,0.98,1,0.1765,0,0.3824,0.6667,0.6667,1,1,1,0.16,0.4583,0.75,0,1,0.2,0.1137,0.25,0,0.3333,0,0.25,0.25,0,0,0.5,0.45,0,0
Implementation of LMMAs in progress,Mangrove,Mahajamba,Sofia,Port_Berger,Tsinjoarivo,D019,1,0.97,1,0.0588,0,0.2941,0.3333,0.3333,1,1,0,0.04,0.3333,0.75,0.25,1,1,0.2444,0.25,0,0.3333,0,0.5,0.25,0.25,0,0.25,0.75,0,1
Implementation of LMMAs in progress,Mangrove,Mahajamba,Sofia,Port_Berger,Tsinjoarivo,D020,1,0.95,1,0.4902,0,0.6176,0.6,0.6,1,0,0,0.48,0.5833,0.75,0,1,0,0.0606,0.25,0,0.3333,0.75,0.5,0.25,0.75,0,0.25,0.6,0,1
Implementation of LMMAs in progress,Mangrove,Mahajamba,Sofia,Port_Berger,Tsinjoarivo,D021,1,0.94,1,0.451,0,0.5882,0.6667,0.6667,1,1,0,0.44,0.3333,0.75,0,1,1,0.1238,0.25,0,0.3333,0,0.5,0.25,0.75,0,0.3333,0.75,0,0
Implementation of LMMAs in progress,Mangrove,Mahajamba,Sofia,Port_Berger,Tsinjoarivo,D022,1,0.98,1,0,0,0,0.4286,0.7143,1,1,0,0.36,0.4583,0.75,0.25,1,0,0.0813,0.25,0,0.3333,0,0.5,0.25,0.75,1,0.3333,0.75,0.3333,1
Implementation of LMMAs in progress,Mangrove,Mahajamba,Sofia,Port_Berger,Tsinjoarivo,D023,1,0.97,1,0.0196,0,0.0147,0,0.6,1,1,1,0.12,0.2083,0.5,0,1,0,0.0338,0.25,0,0.3333,0,0.25,0.5,0.25,0,0.25,0.7,1,1
Implementation of LMMAs in progress,Mangrove,Mahajamba,Sofia,Port_Berger,Tsinjoarivo,D024,1,0.97,1,0.3922,0,0.2941,0.6667,0.6667,1,0,0,0.46,0.3333,0.75,0,1,0.8,0.172,0.25,0,0.3333,0.75,0.25,0.25,0.75,0,0.25,0.7,0.5,1
Implementation of LMMAs in progress,Mangrove,Mahajamba,Sofia,Port_Berger,Tsinjoarivo,D025,1,0.95,1,0.1765,0,0.3824,0,0,1,0,1,0.16,0.3333,0.75,0,1,0.8,0.1283,0.25,0,0.3333,0.75,0.25,0.25,0.75,0,0.25,0.55,0.5,1
Implementation of LMMAs in progress,Mangrove,Mahajamba,Sofia,Port_Berger,Tsinjoarivo,D026,1,0.97,1,0.0784,0,0.3088,0.3333,0.3333,1,0,1,0.06,0.4583,0.75,0,1,1,0.2203,0.25,0,0.3333,0.75,0.25,0.25,0.75,0,0.25,0.55,1,1
Implementation of LMMAs in progress,Mangrove,Mahajamba,Sofia,Port_Berger,Tsinjoarivo,D027,1,0.97,1,0.2353,0,0.4265,0.6,0.6,1,1,1,0.22,0.2083,0.75,0.25,1,1,0.1637,0.25,0,0.3333,0,0.25,0.25,0.25,1,0.3333,0.6,0.6667,1
Implementation of LMMAs in progress,Mangrove,Mahajamba,Sofia,Port_Berger,Tsinjoarivo,D028,1,0.95,1,0,0,0.2353,0.6667,0.6667,1,0,1,0.34,0.2083,0.75,0,1,1,0.0745,0.25,0,0.3333,0.75,0.25,0.25,0.5,1,0.0833,0.7,1,1
Implementation of LMMAs in progress,Mangrove,Mahajamba,Sofia,Port_Berger,Tsinjoarivo,D029,1,0.95,1,0,0,0,0.6,0.8,1,1,1,0.32,0.3333,0.75,0,1,1,0.3451,0.25,0,0,0.5,0.5,0.25,0.25,1,0.25,0.6,0.6667,1
Implementation of LMMAs in progress,Mangrove,Mahajamba,Sofia,Port_Berger,Tsinjoarivo,D030,1,0.95,1,0.3725,0,0.2794,0.6,0.8,1,0,1,0.52,0.2917,0.75,0,1,1,0.3955,0.25,0,0.3333,0.75,0.5,0.25,0.75,1,0.25,0.55,0.5,1
Implementation of LMMAs in progress,Mangrove,Mahajamba,Sofia,Port_Berger,Tsinjoarivo,D031,1,0.98,1,0.1765,0,0.3824,0.6667,0.6667,1,0,0,0.16,0.3333,0.75,0.25,1,1,0.097,0.25,0,0.3333,0.75,0.25,0.25,0.25,1,0.25,0.85,0.5,1
Implementation of LMMAs in progress,Mangrove,Mahajamba,Sofia,Port_Berger,Tsinjoarivo,D032,1,0.94,1,0.098,0,0.3235,0.3333,0.3333,0,0,1,0.16,0.2083,0.75,0,1,0.8,0.2071,0.25,,0.3333,0.75,0.25,0.25,0.75,0,0.25,0.45,1,0
Implementation of LMMAs in progress,Mangrove,Mahajamba,Sofia,Port_Berger,Tsinjoarivo,D033,1,0.92,1,0.0392,0,0.0294,0,0,1,1,1,0.24,0.3333,0.75,0,1,0.8,0.173,0.25,0,0,0,0.25,0.25,0.75,1,0.25,0.45,0.3333,0
Implementation of LMMAs in progress,Mangrove,Mahajamba,Sofia,Port_Berger,Tsinjoarivo,D034,1,0.93,1,0.1569,0,0.3676,0,0,1,1,1,0.14,0.3333,0.25,0,1,0,0.062,0.25,0,0.3333,0,0.25,0.75,0.75,1,0.25,0.7,0.3333,1
Implementation of LMMAs in progress,Mangrove,Mahajamba,Sofia,Port_Berger,Tsinjoarivo,D035,1,0.91,1,0,0,0.2206,0.5,0.5,1,0,1,0.06,0.4167,0.75,0,1,0,0.1023,0.25,0,0.3333,0.75,0,0.25,0.25,0,0.25,0.7,0.3333,1
Implementation of LMMAs in progress,Mangrove,Mahajamba,Sofia,Port_Berger,Tsinjoarivo,D036,1,0.9,1,0.0588,0,0.1324,0,0,1,1,1,0.04,0.3333,0.75,0.25,1,0,0.0542,0.25,0,0.3333,0,0,0.25,0.25,0,0.0833,0.6,0.8333,1
Implementation of LMMAs in progress,Mangrove,Mahajamba,Sofia,Port_Berger,Tsinjoarivo,D037,1,0.88,1,0.0588,0,0.2941,0.5714,0.5714,1,1,0,0.2,0.4167,0.75,0,1,0,0.0846,0.25,0,0.3333,0,0,0.25,0.25,0,0.0833,0.7,1,1
Implementation of LMMAs in progress,Mangrove,Mahajamba,Sofia,Port_Berger,Tsinjoarivo,D038,1,0.97,1,0.1373,0,0.1029,0.5,0.5,1,1,0,0.14,0.3333,0.75,0,1,0,0.2623,0.25,0,0.3333,0,0,0.25,0.75,1,0.3333,0.7,0.5,1
Implementation of LMMAs in progress,Mangrove,Mahajamba,Sofia,Port_Berger,Tsinjoarivo,D039,1,0.95,1,0.3725,0,0.5294,0.6,0.6,1,0,0,0.36,0.4167,0.75,0.25,1,1,0.158,0.25,0,0.3333,0.75,0,0.25,0.25,1,0.0833,0.7,0.5,1
Well established LMMAs,Mangrove,Sahamalaza,Sofia,Analalava,Antafiatambalaka,D040,1,0.94,0.625,0.5686,0,0.4265,0,0.3333,1,1,0,0.62,0.3333,0.75,1,1,0.8,0.3455,0.5,1,0.6667,0,0,0.25,0.75,1,0.75,0.65,1,0
Well established LMMAs,Mangrove,Sahamalaza,Sofia,Analalava,Antafiatambalaka,D041,1,0.95,1,0.0392,0,0.0294,0,0.5,1,0,0,0.14,0.3333,0.25,0.25,1,0.8,0.023,0.5,0,0,0.75,0,0.75,0.75,1,0.75,0.75,0.8333,1
Well established LMMAs,Mangrove,Sahamalaza,Sofia,Analalava,Antafiatambalaka,D042,1,0.96,1,0.1176,0,0.3382,0,0,1,0,0,0.1,0.2083,0.75,0.5,1,0.8,0.1435,0.5,0,0,0.75,0,0.25,0.75,1,0.75,0.75,0.8333,1
Well established LMMAs,Mangrove,Sahamalaza,Sofia,Analalava,Antafiatambalaka,D043,1,0.97,1,0,0,0,0,0,1,0,1,0.02,0.2083,0.5,0.25,1,0.2,0.0063,0.5,0,0.3333,0.75,0,0.5,0.25,0,0.25,0.65,1,1
Well established LMMAs,Mangrove,Sahamalaza,Sofia,Analalava,Antafiatambalaka,D044,1,0.97,1,0.0196,0,0.0147,0.5,0.75,1,1,1,0.24,0.2083,0.75,0,1,0.8,0.3689,0.5,0,0,0,0,0.25,0.25,1,0.25,0.65,0.8333,1
Well established LMMAs,Mangrove,Sahamalaza,Sofia,Analalava,Antafiatambalaka,D045,1,0.95,1,0.0196,0,0.0147,0.5,0.5,1,1,1,0.08,0.2083,0.25,0.25,1,0,0.27,0.5,0,0,0,0,0.75,0.25,1,0.0833,0.45,1,1
Well established LMMAs,"Coral_reef,_Seagrass_bed,_Mangrove",Sahamalaza,Sofia,Analalava,Lagnamena,D046,1,0.9,1,1,0,1,0.5,0.5,1,0,1,1,0.2083,0.75,0,1,0,0.1385,0.25,0,0.3333,0.75,0.25,0.25,0.75,1,0.75,0.75,1,1
Well established LMMAs,"Coral_reef,_Seagrass_bed,_Mangrove",Sahamalaza,Sofia,Analalava,Lagnamena,D047,1,0.98,1,0.6275,0,0.7206,0.4,0.6,1,0,1,0.62,0.2083,0.75,0,1,0.4,0.4961,0.25,0,0.3333,0.75,0,0.25,0.75,1,0.5833,0.55,1,0
Well established LMMAs,"Coral_reef,_Seagrass_bed,_Mangrove",Sahamalaza,Sofia,Analalava,Lagnamena,D048,1,0.94,1,0.1961,0,0.3971,0.3333,0.3333,0,1,0,0.18,0.0833,0.25,0.25,1,0.6,0.1008,0.25,0,0.3333,0,0,0.75,0.75,0,0.75,0.35,1,1
Well established LMMAs,"Coral_reef,_Seagrass_bed,_Mangrove",Sahamalaza,Sofia,Analalava,Lagnamena,D049,1,0.98,1,0.2549,0,0.4412,0.6,0.6,1,0,1,0.24,0.2083,0.25,0,1,0.6,0.1684,0.25,0,0.3333,0.75,0,0.75,0.75,1,0.5833,0.75,1,1
Well established LMMAs,"Coral_reef,_Seagrass_bed,_Mangrove",Sahamalaza,Sofia,Analalava,Lagnamena,D050,1,0.97,1,0.1373,1,0.3529,0.6667,0.6667,1,1,1,0.12,0.2083,0.25,0.25,1,0,0.0627,0.25,0,0.3333,0,0,0.75,0.75,1,0.75,0.55,1,1
Well established LMMAs,"Coral_reef,_Seagrass_bed,_Mangrove",Sahamalaza,Sofia,Analalava,Lagnamena,D051,1,1,1,0.0196,0,0.2647,0,0.25,1,0,1,0,0.2083,0.25,0.25,1,0,0.1232,0.25,0,0.3333,0.75,0,0.75,0.25,1,0.75,0.65,1,1
Well established LMMAs,"Coral_reef,_Seagrass_bed,_Mangrove",Sahamalaza,Sofia,Analalava,Lagnamena,D052,1,1,1,0.0784,0,0.3088,0.3333,0.3333,1,0,1,0.06,0.2083,0.25,0.25,1,0,0.0562,0.25,0,0.6667,0.75,0,0.75,0.75,0,0.5833,0.75,1,1
Well established LMMAs,"Coral_reef,_Seagrass_bed,_Mangrove",Sahamalaza,Sofia,Analalava,Lagnamena,D053,1,1,1,0.4314,1,0.5735,0.5,0,1,0,1,0.42,0.2083,0.25,0,1,0,0.0146,0.25,0,0.3333,0.75,0,0.75,0.25,1,0.25,0.65,1,1
Well established LMMAs,"Coral_reef,_Seagrass_bed,_Mangrove",Sahamalaza,Sofia,Analalava,Lagnamena,D054,1,1,1,0.0784,0,0.0588,0.5,0.5,1,1,1,0.16,0.2083,0.25,0,1,0.8,0.0572,0.25,0,0.3333,0,0,0.75,0.75,1,0.5833,0.25,1,1
Well established LMMAs,"Coral_reef,_Seagrass_bed,_Mangrove",Sahamalaza,Sofia,Analalava,Lagnamena,D055,1,1,0.5833,0.1569,0,0.1176,0.3333,0.3333,1,0,1,0.2,0.2083,0.25,0.5,1,0.2,0.2776,0.25,0,0.3333,0.75,0,0.75,0.75,1,0.5833,0.45,1,1
Well established LMMAs,"Coral_reef,_Seagrass_bed,_Mangrove",Sahamalaza,Sofia,Analalava,Maromanjo,D056,1,0.97,1,0.1373,0,0.3529,0.3333,0.3333,1,0,1,0.12,0.2083,0.25,0.5,1,0.8,0.0135,0,0,0.3333,0.75,0,0.75,0.75,1,0.25,0.45,1,1
Well established LMMAs,"Coral_reef,_Seagrass_bed,_Mangrove",Sahamalaza,Sofia,Analalava,Maromanjo,D057,1,0.98,1,0.0588,0,0.2941,0.5,0.5,1,0,1,0.48,0.3333,0.25,0.25,1,0.8,0.7402,0,0,0.3333,0.75,0.25,0.75,0.75,0,0.75,0.75,1,1
Well established LMMAs,"Coral_reef,_Seagrass_bed,_Mangrove",Sahamalaza,Sofia,Analalava,Maromanjo,D058,1,0.98,1,0.1961,0,0.3971,0.3333,0.3333,1,1,1,0.18,0.2083,0.25,0,1,0.8,0.0124,0,0,0.3333,0,0,0.75,0.75,0,0.75,0.65,1,1
Well established LMMAs,"Coral_reef,_Seagrass_bed,_Mangrove",Sahamalaza,Sofia,Analalava,Maromanjo,D059,1,0.95,1,0.0392,0,0.2794,0.3333,0.3333,1,1,1,0.02,0.3333,0.75,0.25,1,0.8,0.0124,0,0,0.3333,0,0,0.25,0.75,1,0.75,0.7,1,1
Well established LMMAs,"Coral_reef,_Seagrass_bed,_Mangrove",Sahamalaza,Sofia,Analalava,Maromanjo,D060,1,0.98,1,0.2157,0,0.4118,0.6,-3.4,1,0,1,0.2,0.2083,0.75,0,1,0,0.0219,0,0,0.3333,0.75,0.25,0.25,0.75,0,0.75,0.65,1,1
Well established LMMAs,"Coral_reef,_Seagrass_bed,_Mangrove",Sahamalaza,Sofia,Analalava,Maromanjo,D061,1,0.85,1,0.9216,0,0.6912,0.6,0.9,1,1,1,0.58,0.2083,0.75,0.25,1,1,0.6954,0,1,0.3333,0,0,0.25,0.75,0,0.75,0.65,1,1
Well established LMMAs,Mangrove,Sahamalaza,Sofia,Analalava,Analanabe,D062,1,0.95,1,0.0588,0,0.0441,0,0,1,1,1,0.26,0.2083,0.25,0,1,0,0.0327,0.5,0,0,0,0,0.75,0.75,1,0.6667,0.75,1,1
Well established LMMAs,Mangrove,Sahamalaza,Sofia,Analalava,Analanabe,D063,1,0.97,1,0.0196,0,0.0147,0,0,0,0,1,0.02,0.3333,0.25,0.25,1,0.8,0.0221,0.5,0,0,0.75,0,0.75,0.75,1,0.75,0.75,1,0
Implementation of LMMAs in progress,Mangrove,Mahajamba,Boeny,Majunga_II,Andranoboka,E001,1,0.98,1,0,0,0,0.4,0.8,0,1,0,0.08,0.2083,0.75,1,1,0,0.304,0.5,0,0.3333,0,1,0.25,0.75,1,0.1667,0.85,0.5,1
Implementation of LMMAs in progress,Mangrove,Mahajamba,Boeny,Majunga_II,Andranoboka,E002,1,0.98,1,0.2157,0,0.1618,0.5,0.75,0,0,0,0.54,0.2083,0.75,1,1,1,0.2885,0.5,0,0.3333,0.75,0.75,0.25,1,1,0.75,0.75,0.6667,0
Implementation of LMMAs in progress,Mangrove,Mahajamba,Boeny,Majunga_II,Andranoboka,E003,1,0.98,1,0.2157,0,0.1618,0.6,0.8,0,0,1,0.46,0.2083,0.75,0,1,1,0.0327,0.5,0,0.3333,0.75,0.5,0.25,0.75,1,0.9167,0.75,0.6667,1
Implementation of LMMAs in progress,Mangrove,Mahajamba,Boeny,Majunga_II,Andranoboka,E004,1,0.98,1,0.3725,0,0.2794,0.625,0.625,0,0,1,0.6,0.2083,0.25,0.75,1,0.8,0.1384,0.5,0,0.3333,1,0.25,0.75,0.75,1,0.9167,0.85,0.6667,0
Implementation of LMMAs in progress,Mangrove,Mahajamba,Boeny,Majunga_II,Andranoboka,E005,1,0.97,1,0.0392,0,0.0294,0.75,0.5,0,0,0,0.4,0.2083,1,0,1,1,0.0129,0.5,0,0.3333,0.75,0.5,0,1,0,0.75,0.85,1,0
Implementation of LMMAs in progress,Mangrove,Mahajamba,Boeny,Majunga_II,Andranoboka,E006,1,1,1,0,0,0.2353,0.25,0.75,0,1,0,0.06,0.3333,0.75,0.25,1,0,0.145,0.5,0,0,0,0,0.25,0.25,0,0.0833,0.85,0,0
Implementation of LMMAs in progress,Mangrove,Mahajamba,Boeny,Majunga_II,Andranoboka,E007,1,1,1,0.1176,0,0.3382,0.5,0.5,0,0,0,0.16,0.3333,0.75,0,1,1,0.3978,0.5,0,0.3333,0.75,0,0.25,0.25,0,0.3333,0.75,0.8333,1
Implementation of LMMAs in progress,Mangrove,Mahajamba,Boeny,Majunga_II,Andranoboka,E008,1,0.99,1,0,0,0,0.75,0.75,0,0,0,0.4,0.4583,0.25,0.75,1,0,0.3967,0.5,0,0.3333,0.75,0.25,0.75,0.75,1,0.3333,0.85,0.5,0
Implementation of LMMAs in progress,Mangrove,Mahajamba,Boeny,Majunga_II,Andranoboka,E009,1,0.96,1,0.1569,0,0.3676,0.7143,0.7143,0,0,0,0.14,0.3333,0.75,0,1,0,0.4138,0.5,0,0.3333,0.75,0.5,0.25,0.75,0,0.5833,0.65,1,1
Implementation of LMMAs in progress,Mangrove,Mahajamba,Boeny,Majunga_II,Andranoboka,E010,1,0.9,1,0.0392,0,0.0294,0.3333,0.6667,0,1,0,0.02,0.3333,0.75,0.25,1,0,0.3978,0.5,0,0,0,0,0.25,0.75,0,0.5,0.85,1,1
Implementation of LMMAs in progress,Mangrove,Mahajamba,Boeny,Majunga_II,Andranoboka,E011,1,0.99,1,0.4314,0,0.5735,0.8182,0.8182,0,1,0,0.42,0.3333,0.75,0,1,0,0.0836,0.5,0,0.3333,0,0.25,0.25,0.75,1,0.5,0.85,1,0
Implementation of LMMAs in progress,Mangrove,Mahajamba,Boeny,Majunga_II,Andranoboka,E012,1,0.98,1,0.1765,0,0.1324,0.75,0.75,1,1,1,0.32,0.4583,0.75,0,1,0,0.1323,0.5,0,0,0,0,0.25,0.25,0,0.0833,0.75,1,0
Implementation of LMMAs in progress,Mangrove,Mahajamba,Boeny,Majunga_II,Andranoboka,E013,1,1,1,0.1176,0,0.0882,0.3333,0.3333,1,1,1,0.2,0.4583,0.75,0,1,0,0.02,0.5,0,0.3333,0,0,0.25,0.75,0,0.5,0.85,1,0
Implementation of LMMAs in progress,Mangrove,Mahajamba,Boeny,Majunga_II,Andranoboka,E014,1,0.99,1,0.0196,1,0.0147,0.5,0.5,1,1,1,0.38,0.4583,0.75,0,1,0,0.0211,0.5,0,0.3333,0,0,0.25,0.25,0,0.0833,0.85,1,0
Implementation of LMMAs in progress,Mangrove,Mahajamba,Boeny,Majunga_II,Andranoboka,E015,1,0.92,1,0.6275,0,0.7206,0.3333,0.3333,0,1,1,0.62,0.4583,0.75,0,1,0,0.0482,0.5,0,0.3333,0,0.5,0.25,0.75,0,0.4167,0.75,1,0
Implementation of LMMAs in progress,Mangrove,Mahajamba,Boeny,Majunga_II,Andranoboka,E016,1,0.99,1,0.4118,0,0.5588,0.3333,0.6667,0,0,1,0.4,0.4583,0.75,0,1,0,0.0482,0.5,0,0.3333,0.75,0.25,0.25,0.75,1,0.5,0.75,1,1
Implementation of LMMAs in progress,Mangrove,Mahajamba,Boeny,Majunga_II,Andranoboka,E017,1,0.99,1,0.6667,0,0.5,0.5,0.8333,0,1,1,0.78,0.4583,0.75,0,1,0,0.1124,0.5,0,0.3333,0,0.5,0.25,0.75,1,0.4167,0.85,1,0
Implementation of LMMAs in progress,Mangrove,Mahajamba,Boeny,Majunga_II,Andranoboka,E018,1,0.98,1,0.098,0,0.0735,0.6667,0.8333,0,1,1,0.42,0.4583,0.75,0,1,0,0.0709,0.5,0,0.3333,0,0.5,0.25,0.75,1,0.3333,0.85,1,0
Implementation of LMMAs in progress,Mangrove,Mahajamba,Boeny,Majunga_II,Andranoboka,E019,1,0.98,1,0,0,0,0.5,0.5,0,1,0,0.18,0.4583,0.75,0.25,1,0,0.1699,0.5,0,0.3333,0,0.5,0.25,0.75,1,0.4167,0.85,1,1
Implementation of LMMAs in progress,Mangrove,Mahajamba,Boeny,Majunga_II,Andranoboka,E020,1,0.99,1,0.3922,1,0.5441,0.75,0.75,0,1,0,0.38,0.2083,0.75,0,1,0,0.0619,0.5,0,0.3333,0,0.25,0.25,0.75,0,0.25,0.85,1,0
Implementation of LMMAs in progress,Mangrove,Mahajamba,Boeny,Majunga_II,Andranoboka,E021,1,0.98,1,0.3137,0,0.4853,0.3333,0.3333,0,1,1,0.3,0.4583,0.25,0,1,1,0.4561,0.5,0,0.3333,0,0.25,0.75,0.25,1,0.3333,0.85,0.6667,0
Implementation of LMMAs in progress,Mangrove,Mahajamba,Boeny,Majunga_II,Andranoboka,E022,1,0.99,1,0.2549,1,0.4412,0.3333,0.3333,0,1,0,0.24,0.3333,0.75,0,1,0,0.97,0.5,0,0.3333,0,0.25,0.25,0.75,1,0.4167,0.85,1,0
Implementation of LMMAs in progress,Mangrove,Mahajamba,Boeny,Majunga_II,Andranoboka,E023,1,0.95,1,0.1961,0,0.1471,0.625,0.75,0,1,1,0.18,0.4583,0.75,0.25,1,0.8,0.39,0.5,0,0.3333,0,0,0.25,0.25,0,0.25,0.85,1,0
Implementation of LMMAs in progress,Mangrove,Mahajamba,Sofia,Majunga_II,Besakoa,E024,1,0.94,1,0.2941,0,0.2206,0.5,0.5,0,0,1,0.62,0.0833,0.25,0,1,1,0.496,0.75,0,0.6667,1,0.25,0.75,0.75,1,0.4167,0.75,1,0
Implementation of LMMAs in progress,Mangrove,Mahajamba,Sofia,Majunga_II,Besakoa,E025,1,0.97,1,0.4706,0,0.6029,0.75,0.75,0,0,1,0.46,0.3333,0.75,0,1,0.8,0.2527,0.75,0,0.3333,0.75,0.75,0.25,0.25,0,0.25,0.75,1,0
Implementation of LMMAs in progress,Mangrove,Mahajamba,Sofia,Majunga_II,Besakoa,E026,1,0.97,1,0.3529,0,0.5147,0.6667,0.6667,0,0,1,0.34,0.4583,0.5,0.25,1,0,0.0918,0.75,0,0.3333,0.75,0,0.5,0.75,1,0.25,0.75,1,1
Implementation of LMMAs in progress,Mangrove,Mahajamba,Sofia,Majunga_II,Besakoa,E027,1,0.97,1,0.2745,0,0.2059,0.5556,0.6667,0,0,1,0.74,0.3333,0.25,0,1,1,0.073,0.75,0,0.3333,0.75,0,0.75,0.75,0,0.6667,0.75,1,1
Implementation of LMMAs in progress,Mangrove,Mahajamba,Sofia,Majunga_II,Besakoa,E028,1,0.98,1,0.1176,0,0.3382,0.4286,0.5714,0,0,1,0.6,0.0833,0.25,0.25,1,0,0.1416,0.75,0,0,0.75,0.25,0.75,1,0,0.8333,0.75,1,1
Implementation of LMMAs in progress,Mangrove,Mahajamba,Sofia,Majunga_II,Besakoa,E029,1,0.96,1,0.1765,1,0.1324,0.625,0.75,1,0,1,0.32,0.3333,0.25,0.25,1,0,0.2474,0.75,0,0.3333,0.75,0.25,0.75,0.75,1,0.25,0.75,1,1
Implementation of LMMAs in progress,Mangrove,Mahajamba,Sofia,Majunga_II,Besakoa,E030,1,0.98,1,0.098,1,0.0735,0.6667,0.7778,1,0,0,0.36,0.3333,0.25,0,1,1,0.496,0.75,0,0.3333,0.75,0.25,0.75,0.75,1,0.3333,0.65,1,1
Implementation of LMMAs in progress,Mangrove,Mahajamba,Sofia,Majunga_II,Besakoa,E031,1,0.9,1,0.1765,0,0.1324,0,0.5,1,1,1,0.12,0.0833,0.5,0,1,0,0.0801,0.75,0,0.3333,0,0.25,0.5,0.75,0,0.4167,0.75,1,0
Implementation of LMMAs in progress,Mangrove,Mahajamba,Boeny,Majunga_II,Besakoa,E032,1,0.96,1,0.1961,0,0.1471,0.4545,0.6364,1,0,1,0.72,0.3333,0.25,0.25,1,0.2,0.1866,0.75,0,0.3333,0.75,0.25,0.75,0.25,0,0.4167,0.8,1,0
Implementation of LMMAs in progress,Mangrove,Mahajamba,Sofia,Port_Berger,Tsinjoarivo,E033,1,0.99,1,0.0784,0,0.0588,0.5,0.75,0,0,0,0.34,0.0833,0.25,0,1,0,0.079,0.25,0,0.3333,0.75,0,0.75,0.75,0,0.25,0.6,1,1
Implementation of LMMAs in progress,Mangrove,Mahajamba,Sofia,Port_Berger,Tsinjoarivo,E034,1,0.9,1,0.0588,0,0.0441,0.3333,0.3333,0,0,0,0.12,0.3333,0.5,0.25,1,0,0.1471,0.25,0,0.6667,0.75,0,0.5,0.75,1,0.25,0.6,1,0
Implementation of LMMAs in progress,Mangrove,Mahajamba,Sofia,Port_Berger,Tsinjoarivo,E035,1,0.99,1,0.5294,0,0.6471,0.5556,0.7778,0,0,0,0.52,0.3333,0.5,0,1,0,0.1246,0.25,0,0.3333,0.75,0,0.5,0.75,0,0.0833,0.6,1,0
Implementation of LMMAs in progress,Mangrove,Mahajamba,Sofia,Port_Berger,Tsinjoarivo,E036,1,0.99,1,0.7059,0,0.7794,0.3333,0.6667,1,0,0,0.7,0.3333,0.5,0,1,0,0.1267,0.25,0,0.3333,0.75,0,0.5,0.75,0,0.3333,0.6,1,0
Implementation of LMMAs in progress,Mangrove,Mahajamba,Sofia,Port_Berger,Tsinjoarivo,E037,1,0.99,1,0.549,0,0.6618,0.4,0.6,1,0,0,0.54,0.3333,0.5,0,1,0,0.1196,0.25,0,0.3333,0.75,0,0.5,0.75,0,0.25,0.6,1,0
Implementation of LMMAs in progress,Mangrove,Mahajamba,Sofia,Port_Berger,Tsinjoarivo,E038,1,0.99,1,0.3725,0,0.5294,0.6667,0.6667,1,0,1,0.36,0.3333,0.5,0,1,0,0.0907,0.25,0,0.3333,0.75,0,0.5,0.25,0,0.1667,0.6,1,0
Implementation of LMMAs in progress,Mangrove,Mahajamba,Sofia,Port_Berger,Tsinjoarivo,E039,1,0.98,1,0.0392,0,0.2794,0,0,1,0,1,0.14,0.2083,0.5,0,1,0,0.073,0.25,0,0.3333,0.75,0,0.5,0.75,0,0.25,0.5,0.3333,1
Implementation of LMMAs in progress,Mangrove,Mahajamba,Sofia,Port_Berger,Tsinjoarivo,E040,1,0.95,1,0.1569,0,0.1176,0.5,0.5,0,0,1,0.32,0.3333,0.5,0.25,1,0.8,0.205,0.25,0,0.3333,0.75,0.5,0.5,0.75,0,0.0833,0.65,0.3333,0
Implementation of LMMAs in progress,Mangrove,Mahajamba,Sofia,Port_Berger,Tsinjoarivo,E041,1,0.97,1,0.1765,0,0.1324,0.5,0.5,1,0,0,0.18,0.3333,0.75,0,1,0,0.3606,0.25,0,0.3333,0.75,0,0.25,0.25,0,0.1667,0.6,0.3333,0
Implementation of LMMAs in progress,Mangrove,Mahajamba,Sofia,Port_Berger,Tsinjoarivo,E042,1,0.99,1,0.0392,0,0.2794,0.3333,0.3333,1,0,1,0.02,0.2083,0.75,0.25,1,0,0.1731,0.25,0,0.3333,0.75,0,0.25,0.25,1,0.25,0.7,1,1
Implementation of LMMAs in progress,Mangrove,Mahajamba,Sofia,Port_Berger,Tsinjoarivo,E043,1,0.99,1,0.4314,0,0.5735,0.625,0.75,1,0,1,0.42,0.2083,0.75,0,1,0,0.0915,0.25,0,0.3333,0.75,0,0.25,0.75,0,0.25,0.6,1,0
Implementation of LMMAs in progress,Mangrove,Mahajamba,Sofia,Port_Berger,Tsinjoarivo,E044,1,0.98,1,0.4314,0,0.5735,0.5,0.6667,1,0,1,0.42,0.3333,0.75,0,1,0,0.2151,0.25,0,0.3333,0.75,0,0.25,0.25,1,0.1667,0.5,1,0
Implementation of LMMAs in progress,Mangrove,Mahajamba,Sofia,Port_Berger,Tsinjoarivo,E045,1,0.99,1,0.0784,0,0.3088,0.3333,0.3333,1,0,0,0.06,0.3333,0.75,0,1,0.2,0.5067,0.25,0,0.3333,0.75,0,0.25,0.25,0,0.25,0.75,1,0
Implementation of LMMAs in progress,Mangrove,Mahajamba,Sofia,Port_Berger,Tsinjoarivo,E046,1,0.98,1,0.0392,0,0.0294,0.3333,0.3333,1,1,1,0.1,0.0833,0.25,0,1,0,0.0306,0.25,0,0.3333,0,0,0.75,0.25,1,0.1667,0.75,1,0
Implementation of LMMAs in progress,Mangrove,Mahajamba,Sofia,Port_Berger,Tsinjoarivo,E047,1,0.99,1,0.0784,0,0.0588,0.6,0.6,1,0,1,0.46,0.4583,0.25,0.25,1,0.8,0.2877,0.25,0,0.3333,1,0,0.75,0.75,0,0.25,0.65,1,0
Implementation of LMMAs in progress,Mangrove,Mahajamba,Sofia,Port_Berger,Tsinjoarivo,E048,1,0.98,1,0.1373,0,0.3529,0.3333,0.3333,1,0,1,0.12,0.3333,0.5,0.25,1,0.8,0.096,0.25,0,0.3333,0.75,0,0.5,0.75,1,0.25,0.6,1,0
Implementation of LMMAs in progress,Mangrove,Mahajamba,Sofia,Port_Berger,Tsinjoarivo,E049,1,0.98,1,0.2549,0,0.4412,0.5,0.5,1,0,0,0.24,0.3333,0.75,0.25,1,0.8,0.0879,0.25,0,0.3333,0.75,0,0.25,0.25,0,0.25,0.6,0.5,0
Implementation of LMMAs in progress,Mangrove,Mahajamba,Sofia,Port_Berger,Tsinjoarivo,E050,1,0.98,1,0.2157,0,0.1912,0.6667,0.6667,1,1,1,0.2,0.4583,0.25,0.5,1,0.2,0.2903,0.25,0,0.3333,0,0,0.75,0.75,1,0.25,0.6,0.3333,0
Implementation of LMMAs in progress,Mangrove,Mahajamba,Sofia,Port_Berger,Tsinjoarivo,E051,1,0.99,1,0.0392,0,0.0294,0.3333,0.3333,1,0,1,0.28,0.4583,0.75,0,0,0.4,0.0481,0.25,0,0.6667,0.75,0,0.25,0.75,0,0.25,0.65,0.5,0
Implementation of LMMAs in progress,Mangrove,Mahajamba,Sofia,Port_Berger,Tsinjoarivo,E052,1,0.99,1,0.1176,0,0.0882,0.6667,0.6667,1,1,1,0.32,0.3333,0.5,0,1,0.8,0.21,0.25,0,0.3333,0.5,0.25,0.5,0.75,1,0.25,0.75,0.5,0
Implementation of LMMAs in progress,Mangrove,Mahajamba,Sofia,Port_Berger,Tsinjoarivo,E053,1,0.98,1,0.4314,0,0.5735,0.6,0.6,1,0,0,0.42,0.3333,0.5,0,1,0.8,0.2662,0.25,0,0.3333,0.75,0,0.5,0.75,1,0.25,0.65,0.5,0
Implementation of LMMAs in progress,Mangrove,Mahajamba,Sofia,Port_Berger,Tsinjoarivo,E054,1,0.98,1,0.8235,0,0.8676,0.3333,0.3333,0,1,1,0.82,0.3333,0.75,0,1,0.8,0.1926,0.25,0,0.3333,0.5,0.25,0.25,0.75,0,0.3333,0.75,1,1
Implementation of LMMAs in progress,Mangrove,Mahajamba,Sofia,Port_Berger,Tsinjoarivo,E055,1,0.97,1,0.5686,0,0.6765,0.6667,0.6667,1,0,1,0.56,0.3333,0.5,0,1,0.8,0.1661,0.25,0,0.3333,0.75,0.25,0.5,0.75,1,0.25,0.75,0.6667,0
Implementation of LMMAs in progress,Mangrove,Mahajamba,Sofia,Port_Berger,Tsinjoarivo,E056,1,0.7,1,0.1373,0,0.3529,0.3333,0.3333,0,0,1,0.12,0.2083,0.5,0,1,1,0.0248,0.25,0,0.3333,0.75,0.25,0.5,0.75,1,0.25,0.75,0.3333,1
Implementation of LMMAs in progress,Mangrove,Mahajamba,Sofia,Port_Berger,Tsinjoarivo,E057,1,0.95,1,0.1765,0,0.3824,0.5,0.5,0,0,1,0.16,0.3333,0.75,0.25,1,0.2,0.0348,0.25,0,0.3333,0.75,0.25,0.25,0.75,1,0.25,0.65,1,0
Implementation of LMMAs in progress,Mangrove,Mahajamba,Sofia,Port_Berger,Tsinjoarivo,E058,1,0.97,1,0,0,0,0,0,1,1,1,0.1,0.2083,0.75,0,1,0,0.0598,0.25,0,0.3333,0,0,0.25,0.25,0,0.25,0.5,0.3333,1
Implementation of LMMAs in progress,Mangrove,Mahajamba,Sofia,Port_Berger,Tsinjoarivo,E059,1,0.98,1,0.3725,0,0.5294,0.6,0.6,0,1,0,0.36,0.4583,0.75,0,0,0,0.0666,0.25,0,0.3333,0,0.25,0.25,0.25,1,0.25,0.6,1,0
Implementation of LMMAs in progress,Mangrove,Mahajamba,Sofia,Port_Berger,Tsinjoarivo,E060,1,0.95,1,0.3333,1,0.5,0.6667,0.6667,1,1,1,0.64,0.4583,0.75,0,0,0.8,0.0677,0.25,0,0.3333,0,0,0.25,0.25,1,0.25,0.6,1,0
Well established LMMAs,Mangrove,Sahamalaza,Sofia,Analalava,Antafiatambalaka,E061,1,0.99,1,0.451,0,0.3382,0.6,0.8,0,1,1,0.46,0.3333,0.75,0.25,1,0,0.3983,0.5,0,0,0,0.25,0.25,1,1,0.75,0.55,0.5,0
Well established LMMAs,Mangrove,Sahamalaza,Sofia,Analalava,Antafiatambalaka,E062,1,0.99,1,0.3725,0,0.2794,0.6,0.8,0,1,0,0.36,0.3333,0.25,0,1,0,0.2626,0.5,0,0.3333,0,0.75,0.75,0.75,1,0.6667,0.65,0.6667,1
Well established LMMAs,Mangrove,Sahamalaza,Sofia,Analalava,Antafiatambalaka,E063,1,0.98,1,0,0,0,0.75,0.9167,0,1,1,0.4,0.0833,0.75,0,1,0.8,0.2246,0.5,0,0,0,0,0.25,0.25,1,0.4167,0.75,1,1
Well established LMMAs,Mangrove,Sahamalaza,Sofia,Analalava,Antafiatambalaka,E064,0,0.97,0.4333,0.0784,1,0.0588,0.7143,0.7143,0,0,1,0.4,0.4583,0.25,0.25,0,0.2,0.3408,0.5,1,0.6667,1,0.75,0.75,0.25,1,0.5833,0.65,0,0
Well established LMMAs,Mangrove,Sahamalaza,Sofia,Analalava,Antafiatambalaka,E065,1,0.98,1,0.098,0,0.0735,0.5,0.5,1,1,0,0.42,0.3333,0.25,0.25,1,0.8,0.2023,0.5,0,0,0,0,0.75,0.25,0,0.25,0.75,1,0
Well established LMMAs,Mangrove,Sahamalaza,Sofia,Analalava,Antafiatambalaka,E066,1,0.98,1,0.0588,1,0.0441,0.3333,0.3333,1,0,1,0.02,0.0833,0.25,0.25,1,0.4,0.0937,0.5,1,0,0.75,0,0.75,0.75,1,0.5833,0.75,1,0
Well established LMMAs,"Coral_reef,_Seagrass_bed,_Mangrove",Sahamalaza,Sofia,Analalava,Lagnamena,E067,1,1,1,0.1373,0,0.2059,0.6,0.6,1,1,1,0.12,0.3333,0.75,0,1,0.2,0.019,0.25,0,0.3333,0,0,0.25,0.75,0,0.25,0.75,1,1
Well established LMMAs,"Coral_reef,_Seagrass_bed,_Mangrove",Sahamalaza,Sofia,Analalava,Lagnamena,E068,1,1,1,0.5686,0,0.5735,0.6,0.8,0,0,1,0.56,0.2083,0.75,0,1,0.2,0.1449,0.25,0,0.3333,0.75,0,0.25,0.25,1,0.25,0.75,1,0
Well established LMMAs,"Coral_reef,_Seagrass_bed,_Mangrove",Sahamalaza,Sofia,Analalava,Lagnamena,E069,1,0.95,1,0.1961,0,0.3971,0.5,0.75,0,0,1,0.18,0.4583,0.25,0.25,1,1,0.1034,0.25,0,0.3333,0.75,0.25,0.75,1,1,0.8333,0.75,1,0
Well established LMMAs,"Coral_reef,_Seagrass_bed,_Mangrove",Sahamalaza,Sofia,Analalava,Lagnamena,E070,1,0.97,1,0.0588,0,0.0441,0.5,0.75,0,1,1,0.22,0.3333,0.75,0,1,0.8,0.1669,0.25,0,0.3333,0,0,0.25,0.75,0,0.5833,0.75,1,0
Well established LMMAs,"Coral_reef,_Seagrass_bed,_Mangrove",Sahamalaza,Sofia,Analalava,Lagnamena,E071,1,1,1,0.2157,0,0.4118,0.3333,0.3333,1,0,0,0.2,0.3333,0.75,0.25,1,0,0.0587,0.25,0,0.3333,0.75,0,0.25,0.75,1,0.5833,0.75,1,0
Well established LMMAs,"Coral_reef,_Seagrass_bed,_Mangrove",Sahamalaza,Sofia,Analalava,Lagnamena,E072,1,0.95,1,0.5686,0,0.4265,0.5,0.5,0,0,1,0.58,0.3333,0.75,0.25,1,0.8,0.0348,0.25,0,0.6667,0.75,0,0.25,0.75,1,0.3333,0.75,1,0
Well established LMMAs,"Coral_reef,_Seagrass_bed,_Mangrove",Sahamalaza,Sofia,Analalava,Lagnamena,E073,0,0.9,0.5,0.0196,0,0.0147,0.5,0.75,0,0,1,0.36,0.4583,0.75,0.5,1,0.2,0.0179,0.25,0,0.6667,0.75,0,0.25,0.75,1,0.25,0.75,1,0
Well established LMMAs,"Coral_reef,_Seagrass_bed,_Mangrove",Sahamalaza,Sofia,Analalava,Lagnamena,E074,1,1,1,0.0784,1,0,0.8,0.8,1,1,1,0.22,0.3333,0.75,0,1,0.2,0.0179,0.25,0,0,0.5,0,0.25,0.25,0,0.1667,0.75,1,0
Well established LMMAs,"Coral_reef,_Seagrass_bed,_Mangrove",Sahamalaza,Sofia,Analalava,Lagnamena,E075,1,1,1,0,0,0,0,0.5,0,0,1,0.08,0.4583,0.5,0.5,1,0.8,0.0482,0.25,0,0.3333,0.75,0,0.5,0.75,1,0.25,0.75,1,0
Well established LMMAs,"Coral_reef,_Seagrass_bed,_Mangrove",Sahamalaza,Sofia,Analalava,Lagnamena,E076,0,1,0.4762,0.4706,0,0.3529,0.6,0.8,0,0,0,0.64,0.4583,0.5,0.25,1,0.8,0.019,0.25,0,0.6667,0.75,0.5,0.5,0.75,0,0.4167,0.75,1,0
Well established LMMAs,"Coral_reef,_Seagrass_bed,_Mangrove",Sahamalaza,Sofia,Analalava,Lagnamena,E077,0,1,0.3684,0.2353,1,0.2059,0.6667,0.8333,0,1,0,0.22,0.4583,0.75,0,0,0.8,0.0316,0.25,0,0.6667,0,0,0.25,0.75,1,0.75,0.65,1,1
Well established LMMAs,"Coral_reef,_Seagrass_bed,_Mangrove",Sahamalaza,Sofia,Analalava,Lagnamena,E078,0,1,0.4286,0.7451,0,0.8088,0.8182,0.9091,0,0,1,0.74,0.0833,0.75,0.5,0,0.8,0.0587,0.25,0,0.6667,1,0,0.25,0.75,1,0.5833,0.75,1,0
Well established LMMAs,"Coral_reef,_Seagrass_bed,_Mangrove",Sahamalaza,Sofia,Analalava,Lagnamena,E079,1,1,1,0.3333,0,0.5,0.7143,0.7143,0,0,0,0.32,0.4583,0.75,0,1,1,1,0.25,1,0.3333,0.75,0,0.25,0.75,1,0.25,0.55,1,1
Well established LMMAs,"Coral_reef,_Seagrass_bed,_Mangrove",Sahamalaza,Sofia,Analalava,Lagnamena,E080,1,1,1,0.4314,0,0.5735,0.3333,0.3333,0,0,1,0.42,0.4583,0.75,0,1,0.8,0.1643,0.25,0,0.3333,0.75,0,0.25,0.75,1,0.4167,0.65,1,0
Well established LMMAs,"Coral_reef,_Seagrass_bed,_Mangrove",Sahamalaza,Sofia,Analalava,Lagnamena,E081,1,1,1,0.098,0,0.3235,0.3333,0.3333,0,1,0,0.08,0.4583,0.75,0,1,0.2,0.3966,0.25,0,0.3333,0,0,0.25,0.25,0,0.0833,0.65,1,0
Well established LMMAs,"Coral_reef,_Seagrass_bed,_Mangrove",Sahamalaza,Sofia,Analalava,Maromanjo,E082,1,0.8,1,0.2353,0,0.1765,0.6,0.6,0,1,1,0.16,0.4583,0.75,0.25,1,0,0.02,0,0,0.3333,0,0,0.25,0.75,1,0.25,0.55,1,0
Well established LMMAs,"Coral_reef,_Seagrass_bed,_Mangrove",Sahamalaza,Sofia,Analalava,Maromanjo,E083,1,0.9,1,0.1569,0,0.3676,0.5,0.5,0,0,1,0.14,0.4583,0.75,0.25,1,0.8,0.1581,0,0,0.3333,0.75,0,0.25,0.25,1,0.25,0.75,1,1
Well established LMMAs,"Coral_reef,_Seagrass_bed,_Mangrove",Sahamalaza,Sofia,Analalava,Maromanjo,E084,1,0.95,1,0.5882,0,0.6912,0.5,0.75,1,0,1,0.58,0.4583,0.75,0,1,0,0.1707,0,0,0.3333,0.75,0,0.25,0.25,0,0.0833,0.75,1,0
Well established LMMAs,"Coral_reef,_Seagrass_bed,_Mangrove",Sahamalaza,Sofia,Analalava,Maromanjo,E085,1,0.97,1,0.1176,0,0.3382,0.3333,0.3333,1,1,0,0.1,0.4583,0.75,0.25,0,0.8,0.0471,0,0,0.3333,0,0,0.25,0.25,1,0.25,0.75,1,0
Well established LMMAs,"Coral_reef,_Seagrass_bed,_Mangrove",Sahamalaza,Sofia,Analalava,Maromanjo,E086,1,0.97,1,0.5882,0,0.6912,0.7778,0.7778,0,0,1,0.58,0.4583,0.75,0,1,0,0.2008,0,0,0.3333,0.75,0,0.25,0.25,0,0.3333,0.75,1,0
Well established LMMAs,"Coral_reef,_Seagrass_bed,_Mangrove",Sahamalaza,Sofia,Analalava,Maromanjo,E087,1,0.9,1,0.1961,0,0.3971,0.3333,0.3333,1,0,1,0.18,0.4583,0.25,0.25,0,0.8,0.0598,0,0,0.3333,0.75,0.25,0.75,0.75,1,0.0833,0.75,1,1
Well established LMMAs,Mangrove,Sahamalaza,Sofia,Analalava,Analanabe,E088,1,0.9,1,0,0,0,0.5,0.6667,1,0,0,0.46,0.4583,0.25,0.25,1,0,0.0211,0.5,0,0.3333,0.75,0.25,0.75,0.25,1,0.25,0.75,1,0
Well established LMMAs,Mangrove,Sahamalaza,Sofia,Analalava,Analanabe,E089,0,0.95,0.4333,0.1176,0,0.0882,0.75,0.75,1,0,0,0.4,0.4583,0.75,0,1,0.8,0.3299,0.5,0,0.6667,0.75,0,0.25,0.75,0,0.5833,0.75,1,0
Well established LMMAs,Mangrove,Sahamalaza,Sofia,Analalava,Analanabe,E090,1,0.93,0.5,0.5294,1,0.6471,0.4,0.8,1,1,1,0.52,0.2083,0.75,0.25,1,1,0.4223,0.5,0,0.3333,0,0.25,0.25,0.75,1,0.1667,0.75,1,0
Implementation of LMMAs in progress,Mangrove,Mahajamba,Boeny,Majunga_II,Andranoboka,P001,0,0.8,0.2222,0.098,0,0.0735,0.3333,0.3333,0,0,1,0.2,0.2083,0,0.5,1,1,0.3561,0.5,1,0.6667,1,0.25,1,0.75,1,1,0.45,0.5,1
Implementation of LMMAs in progress,Mangrove,Mahajamba,Boeny,Majunga_II,Andranoboka,P002,1,0.85,1,0.8235,1,0.8676,0,-1,1,1,1,0.92,0.2083,0.75,0.25,1,0.8,0.0622,0.5,1,0.3333,0.25,0.25,0.25,0.25,1,0.5833,0.85,0,1
Implementation of LMMAs in progress,Mangrove,Mahajamba,Boeny,Majunga_II,Andranoboka,P003,1,0.85,1,0.2549,0,0.4412,0.5,0.5,1,1,1,0.24,0.3333,1,0,1,0.8,0.1279,0.5,1,0.3333,0,0,0,0.5,0,0.5833,0.7,0.6667,1
Implementation of LMMAs in progress,Mangrove,Mahajamba,Boeny,Majunga_II,Andranoboka,P004,1,0.95,0.8,0.1961,0,0.3971,0,0,1,0,1,0.18,0.2083,0.75,0,1,0.8,0.1966,0.5,0,0.3333,1,0,0.25,0,1,0.3333,0.2,0.5,1
Implementation of LMMAs in progress,Mangrove,Mahajamba,Boeny,Majunga_II,Andranoboka,P005,0,0.9,0.375,0.2157,0,0.1618,0.5,0.75,1,0,1,0.32,0.3333,1,0.25,1,0.6,0.4331,0.5,0,0.3333,1,0.5,0,0.5,0,0.5833,1,0.6667,1
Implementation of LMMAs in progress,Mangrove,Mahajamba,Boeny,Majunga_II,Andranoboka,P006,1,0.95,1,0.1961,0,0.3971,0.5,0.5,1,0,1,0.18,0.3333,0,0,1,0,0.4132,0.5,0,0.3333,0.75,0.25,1,0,1,0.0833,0.9,0.6667,1
Implementation of LMMAs in progress,Mangrove,Mahajamba,Boeny,Majunga_II,Andranoboka,P007,1,0.8,0.8,0.4314,1,0.5735,0.4667,0.8,1,1,1,0.52,0.3333,1,0,1,0.4,0.2742,0.5,0,0.6667,0,0.25,0,0.25,1,0.5833,0.75,0.6667,1
Implementation of LMMAs in progress,Mangrove,Mahajamba,Boeny,Majunga_II,Andranoboka,P008,1,0.8,0.625,0.6667,0,0.75,0.5,0.8333,1,1,0,0.66,0.2083,0.5,0,1,0.4,0.1644,0.5,0,0.6667,0,0.5,0.5,1,1,1,0.9,1,1
Implementation of LMMAs in progress,Mangrove,Mahajamba,Boeny,Majunga_II,Andranoboka,P009,1,0.9,1,0.6275,1,0.7206,0,0,1,1,1,0.72,0.3333,0.75,0,1,0.4,0.0363,0.5,0,0.3333,0,0,0.25,0.5,1,0.25,1,0.6667,1
Implementation of LMMAs in progress,Mangrove,Mahajamba,Boeny,Majunga_II,Andranoboka,P010,1,0.9,1,0.5098,0,0.6324,0.3333,0.3333,1,0,1,0.5,0.2083,0.25,0,1,0.8,0.3469,0.5,0,0.6667,1,0,0.75,0.5,1,0.8333,0.65,0.6667,1
Implementation of LMMAs in progress,Mangrove,Mahajamba,Boeny,Majunga_II,Andranoboka,P011,1,0.9,0.6667,0.1765,0,0.1324,0.6,0.6,1,0,1,0.36,0.3333,1,0.25,1,1,0.38,0.5,0,0.3333,1,0.5,0,0.75,1,0.5833,0.9,0.6667,0
Implementation of LMMAs in progress,Mangrove,Mahajamba,Boeny,Majunga_II,Andranoboka,P012,1,0.85,1,0.0392,0,0.2794,0.5714,0.7143,1,0,1,0.5,0.2083,0.25,0,1,0.8,0.1077,0.5,0,0.6667,1,0.25,0.75,0.25,0,0.5,0.8,0.6667,1
Implementation of LMMAs in progress,Mangrove,Mahajamba,Boeny,Majunga_II,Andranoboka,P013,1,0.9,1,0.3333,1,0.5,0.625,0.625,1,1,1,0.36,0.2083,1,0,1,0.6,0.251,0.5,0,0.3333,0.25,0.5,0,0,0,0.0833,0.95,1,0
Implementation of LMMAs in progress,Mangrove,Mahajamba,Boeny,Majunga_II,Andranoboka,P014,0,0.95,0.4,0.6275,1,0.7206,0,0,1,0,0,0.68,0.2083,1,0,1,1,0.2853,0.5,0,1,1,0.5,0,0.75,0,0.6667,0.95,0.6667,0
Implementation of LMMAs in progress,Mangrove,Mahajamba,Boeny,Majunga_II,Andranoboka,P015,1,0.95,1,0.0392,0,0.2794,0.3333,0.3333,1,1,1,0.1,0.2083,0.75,0,1,0.8,0.0543,0.5,0,0,0,0.25,0.25,0.25,0,0.4167,0.85,0,1
Implementation of LMMAs in progress,Mangrove,Mahajamba,Boeny,Majunga_II,Andranoboka,P016,1,0.95,1,0.1961,0,0.3971,0.4286,0.4286,1,1,1,0.18,0.2083,0.25,0,1,0.8,0.2105,0.5,0,0.3333,0,0.25,0.75,0.5,0,0.4167,0.85,0.6667,1
Implementation of LMMAs in progress,Mangrove,Mahajamba,Boeny,Majunga_II,Andranoboka,P017,1,0.9,1,0.098,0,0.0735,0.5,0.5,1,1,1,0.12,0.2083,0.25,0.25,0,0.8,0.0262,0.5,0,0.3333,0,0.25,0.75,0,1,0.25,0.8,0.6667,1
Implementation of LMMAs in progress,Mangrove,Mahajamba,Boeny,Majunga_II,Andranoboka,P018,1,0.9,1,0.3725,1,0.2794,0.25,0.25,1,1,1,0.78,0.2083,0,0,1,1,0.0405,0.5,0,0.3333,0.25,0,1,0.75,1,0.4167,1,0.6667,1
Implementation of LMMAs in progress,Mangrove,Mahajamba,Boeny,Majunga_II,Andranoboka,P019,0,0.9,0.4,0.0392,1,0.2794,0.5,0.6667,0,0,1,0.6,0.3333,1,0.25,1,0.8,0.2509,0.5,0,1,1,0.75,0,0.25,1,1,0.9,0.5,1
Implementation of LMMAs in progress,Mangrove,Mahajamba,Boeny,Majunga_II,Besakoa,P020,1,0.98,0.6667,0.3725,0,0.2794,0.5,0.5,1,1,1,0.26,0.3333,0.75,0.5,1,0.2,0.2299,0.75,0,0.3333,0,0,0.25,0,0,0.25,0.75,0.6667,1
Implementation of LMMAs in progress,Mangrove,Mahajamba,Boeny,Majunga_II,Besakoa,P021,1,0.95,0.6667,0.2157,0,0.1618,0,0.5,1,1,1,0.04,0.3333,0,0.25,1,0.4,0.1924,0.75,0,0.3333,0,0.25,1,0,0,0.25,0.75,0.6667,0
Implementation of LMMAs in progress,Mangrove,Mahajamba,Boeny,Majunga_II,Besakoa,P022,1,0.85,0.625,0.0392,0,0.1912,0,0.1667,1,0,1,0.02,0.2083,0.25,0.25,1,0.8,0.0741,0.75,0,0.3333,0.75,1,0.75,0,1,0.0833,0.75,0.3333,1
Implementation of LMMAs in progress,Mangrove,Mahajamba,Boeny,Majunga_II,Besakoa,P023,1,0.95,1,0.3725,0,0.2794,0.7143,0.7143,1,0,1,0.2,0.7083,0.5,0.25,1,0.8,0.0741,0.75,0,0.3333,0.75,0.5,0.5,0,1,0.3333,0.45,0.3333,1
Implementation of LMMAs in progress,Mangrove,Mahajamba,Sofia,Port_Berger,Tsinjoarivo,P024,1,0.95,1,0.1961,0,0.3971,0.1667,0.1667,1,0,1,0.18,0.3333,1,0.25,0,0.6,0.1976,0.25,0,0.3333,0.75,0.25,0,0.25,0,0.5,0.85,0.5,1
Implementation of LMMAs in progress,Mangrove,Mahajamba,Sofia,Port_Berger,Tsinjoarivo,P025,1,0.96,0.6,0.2353,0,0.4265,0.5,0.5,1,0,1,0.3,0.2083,0.75,0,1,0.6,0.5413,0.25,0,0.3333,1,0.25,0.25,0,1,0.1667,0.9,0.3333,1
Implementation of LMMAs in progress,Mangrove,Mahajamba,Sofia,Port_Berger,Tsinjoarivo,P026,1,0.95,1,0.1765,0,0.1324,0.5,0.5,1,0,1,0.1,0.3333,1,0,1,0.8,0.12,0.25,0,0.3333,0.75,0,0,0.25,0,0.4167,0.8,0.3333,1
Implementation of LMMAs in progress,Mangrove,Mahajamba,Sofia,Port_Berger,Tsinjoarivo,P027,1,0.98,1,0.1373,0,0.1029,0.5,0.5,1,0,1,0.26,0.2083,0.25,0.25,1,0.8,0.0546,0.25,0,0.3333,1,0.5,0.75,0,1,0.4167,0.6,0.6667,1
Implementation of LMMAs in progress,Mangrove,Mahajamba,Sofia,Port_Berger,Tsinjoarivo,P028,1,0.99,1,0.0784,0,0.3088,0.3333,0.3333,1,1,1,0.06,0.2083,1,0.25,1,0.8,0.0679,0.25,0,0.3333,0,0,0,0.25,1,0.25,0.65,0.5,1
Implementation of LMMAs in progress,Mangrove,Mahajamba,Sofia,Port_Berger,Tsinjoarivo,P029,1,0.98,1,0.0392,0,0.2794,0.2,0.2,1,0,1,0.02,0.2083,0.25,0.5,1,0.8,0.0531,0.25,0,0.6667,1,0.25,0.75,0,0,0.1667,0.65,0.3333,1
Implementation of LMMAs in progress,Mangrove,Mahajamba,Sofia,Port_Berger,Tsinjoarivo,P030,1,0.99,1,0.0784,0,0.3088,0.4,0.4,1,1,1,0.06,0.2083,0.25,0,1,0.8,0.0438,0.25,0,0.3333,0,0.25,0.75,0,1,0.4167,0.6,0.5,1
Implementation of LMMAs in progress,Mangrove,Mahajamba,Sofia,Port_Berger,Tsinjoarivo,P031,1,0.95,1,0.5686,0,0.4265,0.6,0.6,1,1,1,0.62,0.3333,1,0,0,1,0.0338,0.25,0,0.3333,0,0.25,0,0.75,0,0.5833,0.4,0.3333,0
Implementation of LMMAs in progress,Mangrove,Mahajamba,Sofia,Port_Berger,Tsinjoarivo,P032,1,0.99,1,0,0,0,0,0,1,0,1,0.38,0.3333,0,1,0,0.8,0.2799,0.25,0,0,1,0.5,1,0,0,0.25,0.7,0.5,1
Implementation of LMMAs in progress,Mangrove,Mahajamba,Sofia,Port_Berger,Tsinjoarivo,P033,1,0.95,0.5,0.2353,0,0.4265,0.1429,0.1429,1,0,1,0.28,0.2083,0,0.5,1,0.8,0.2027,0.25,0,0.6667,1,0,1,1,1,0.75,0.7,0.3333,1
Implementation of LMMAs in progress,Mangrove,Mahajamba,Sofia,Port_Berger,Tsinjoarivo,P034,1,0.98,1,0.2353,1,0.4265,0.5,0.5,1,0,1,0.32,0.3333,1,0,1,0.8,0.1648,0.25,0,0.6667,0.75,0,0,0,1,0.5,0.65,0.3333,1
Implementation of LMMAs in progress,Mangrove,Mahajamba,Sofia,Port_Berger,Tsinjoarivo,P035,1,0.95,0.4667,0.2353,0,0.4265,0.5,0.5,1,0,1,0.26,0.3333,1,0,1,0,0.2268,0.25,0,0.3333,1,0,0,0,1,0.5,0.65,0.3333,1
Implementation of LMMAs in progress,Mangrove,Mahajamba,Sofia,Port_Berger,Tsinjoarivo,P036,1,0.95,0.4,0.2157,0,0.4118,0,0,1,0,1,0.2,0.3333,0,0.5,1,0.8,0.2862,0.25,0,0.3333,0.75,0.5,1,0.75,1,0.4167,0.85,0.3333,1
Implementation of LMMAs in progress,Mangrove,Mahajamba,Sofia,Port_Berger,Tsinjoarivo,P037,1,0.98,1,0.0392,0,0.1324,0.25,0.625,1,0,1,0.42,0.2083,1,0,1,1,0.0919,0.25,0,0.3333,0.75,0.75,0,0.75,0,0.6667,0.95,0.5,1
Implementation of LMMAs in progress,Mangrove,Mahajamba,Sofia,Port_Berger,Tsinjoarivo,P038,1,0.97,1,0.1373,0,0.1618,0,0,1,1,1,0.12,0.2083,1,0.25,1,0.8,0.6893,0.25,0,0.3333,0,0.5,0,1,0,0.3333,0.85,0.5,0
Implementation of LMMAs in progress,Mangrove,Mahajamba,Sofia,Port_Berger,Tsinjoarivo,P039,1,0.98,0.6,0.1765,0,0.1324,0.3333,0.3333,1,1,1,0.18,0.3333,0.25,0.25,1,0.8,0.4454,0.25,0,0.6667,0,1,0.75,1,1,0.5833,0.65,0.3333,1
Implementation of LMMAs in progress,Mangrove,Mahajamba,Sofia,Port_Berger,Tsinjoarivo,P040,1,0.98,1,0.2941,0,0.4265,0.3333,0.3333,1,1,1,0.28,0.2083,1,0.25,0,0.8,0.2542,0.25,0,0.3333,0,0.25,0,0,1,0.4167,0.8,0.5,1
Well established LMMAs,Mangrove,Sahamalaza,Sofia,Analalava,Antafiatambalaka,P041,1,0.95,1,0.0784,0,0.0588,0.25,0.25,1,1,1,0.22,0.3333,0,0,1,0.4,0.0392,0.5,0,0.3333,0,0.5,1,0.25,1,0.8333,0.85,0.6667,1
Well established LMMAs,Mangrove,Sahamalaza,Sofia,Analalava,Antafiatambalaka,P042,1,0.95,1,0.2157,0,0.1618,0.3333,0.6667,0,0,1,0.6,0.2083,0.25,0.25,1,1,0.0103,0.5,1,0,1,0,0.75,1,1,0.8333,0.85,0.6667,1
Well established LMMAs,Mangrove,Sahamalaza,Sofia,Analalava,Antafiatambalaka,P043,1,0.95,1,0.3725,0,0.2794,0,0,1,0,1,0.86,0.3333,0.75,0,1,1,0.1135,0.5,1,0,1,0,0.25,0.75,1,0.8333,0.95,0.6667,1
Well established LMMAs,Mangrove,Sahamalaza,Sofia,Analalava,Antafiatambalaka,P044,1,0.95,1,0.1373,1,0.1029,0.6667,0.6667,1,1,1,0.7,0.3333,1,0,0,0.8,0.0135,0.5,0,0,0,0,0,0.25,0,0.75,0.9,0.6667,1
Well established LMMAs,Mangrove,Sahamalaza,Sofia,Analalava,Antafiatambalaka,P045,1,0.95,1,0.0196,0,0.0147,0.5,0.5,1,1,1,0.1,0.3333,0.25,0,0,0.8,0.0272,0.5,0,0.3333,0,0,0.75,0,1,0.25,0.8,0.6667,1
Well established LMMAs,Mangrove,Sahamalaza,Sofia,Analalava,Antafiatambalaka,P046,1,0.95,0.6667,0.0392,1,0.0294,0.5,0.5,1,1,1,0.12,0.2083,0.25,0.25,0,0.8,0.0196,0.5,0,0.3333,0,0.25,0.75,0.5,1,0.5833,1,0.6667,1
Well established LMMAs,"Coral_reef,_Seagrass_bed,_Mangrove",Sahamalaza,Sofia,Analalava,Lagnamena,P047,1,0.95,0.3333,0.5686,0,0.4265,0,0,1,0,1,0.62,0.2083,1,0.25,1,0.8,0.1363,0.25,0,0.3333,1,0,0,0,0,0.1667,1,0.6667,1
Well established LMMAs,"Coral_reef,_Seagrass_bed,_Mangrove",Sahamalaza,Sofia,Analalava,Lagnamena,P048,1,0.95,1,0.0588,0,0.0441,0.6,0.8,0,0,1,0.46,0.2083,1,0,1,0.8,0.6417,0.25,0,0.3333,1,0,0,0.5,0,0.5833,0.85,0.6667,1
Well established LMMAs,"Coral_reef,_Seagrass_bed,_Mangrove",Sahamalaza,Sofia,Analalava,Lagnamena,P049,1,0.92,0.5,0.1176,0,0.0882,0.5,0.5,1,0,1,0.18,0.3333,1,0,1,1,0.1201,0.25,0,0.6667,1,0.25,0,0.75,0,0.6667,0.85,0.6667,1
Well established LMMAs,"Coral_reef,_Seagrass_bed,_Mangrove",Sahamalaza,Sofia,Analalava,Lagnamena,P050,1,1,1,0.0784,1,0.0588,0,0,1,0,1,0.32,0.3333,1,0,1,0.8,0,0.25,0,0.6667,1,0,0,0.5,0,0.4167,0.95,0.6667,1
Well established LMMAs,"Coral_reef,_Seagrass_bed,_Mangrove",Sahamalaza,Sofia,Analalava,Lagnamena,P051,1,1,0.3333,0.5098,1,0.5735,0.2,0.2,1,0,1,0.42,0.3333,0.5,0,1,0,0.1464,0.25,0,0.3333,1,0,0.5,0,0,0.1667,0.95,0,1
Well established LMMAs,"Coral_reef,_Seagrass_bed,_Mangrove",Sahamalaza,Sofia,Analalava,Lagnamena,P052,1,1,1,0.2157,1,0.2059,0.75,0.875,0,1,1,0.22,0.3333,1,0,1,0.8,0.0262,0.25,0,0.6667,0.25,0,0,0.5,0,0.4167,0.75,0.6667,1
Well established LMMAs,"Coral_reef,_Seagrass_bed,_Mangrove",Sahamalaza,Sofia,Analalava,Lagnamena,P053,0,1,0.3333,0.0784,1,0.0588,0.8571,0.8571,1,0,1,0.62,0.2083,0.25,0.25,1,0.8,0.0251,0.25,0,0.3333,1,0,0.75,0,0,0.1667,0.95,0,1
Well established LMMAs,"Coral_reef,_Seagrass_bed,_Mangrove",Sahamalaza,Sofia,Analalava,Lagnamena,P054,1,1,1,0.1373,1,0.3529,0.5,0.3333,1,1,1,0.22,0.2083,0.25,0,1,0.8,0.0381,0.25,0,0.3333,0.25,0,0.75,0.25,0,0.25,0.9,0.6667,1
Well established LMMAs,"Coral_reef,_Seagrass_bed,_Mangrove",Sahamalaza,Sofia,Analalava,Lagnamena,P055,1,0.95,0.5,0.098,0,0.0735,0.5,0.5,1,0,1,0.52,0.2083,0.25,0,1,0.8,0.0987,0.25,0,0.3333,1,0,0.75,0.5,0,0.25,0.9,0.6667,1
Well established LMMAs,"Coral_reef,_Seagrass_bed,_Mangrove",Sahamalaza,Sofia,Analalava,Lagnamena,P056,0,1,0.4,0.0196,1,0.0147,0.5,0.5,1,0,0,0.06,0.3333,1,0.5,1,1,0.0262,0.25,1,0.6667,1,0,0,0,0,0.0833,0.8,0.6667,1
Well established LMMAs,"Coral_reef,_Seagrass_bed,_Mangrove",Sahamalaza,Sofia,Analalava,Lagnamena,P057,1,0.98,1,0.7647,0,0.8235,0,0.4,1,1,1,0.76,0.3333,1,0,1,1,0.5004,0.25,0,0.3333,0,0,0,0.75,0,0.6667,0.65,0.6667,1
Well established LMMAs,"Coral_reef,_Seagrass_bed,_Mangrove",Sahamalaza,Sofia,Analalava,Lagnamena,P058,0,0.95,0.5,0.0588,1,0.0441,0.5,0.5,1,1,1,0.28,0.3333,0.75,1,0,0.8,0.4515,0.25,0,0.6667,0,0.5,0.25,0.75,1,0.75,0.8,0.6667,1
Well established LMMAs,"Coral_reef,_Seagrass_bed,_Mangrove",Sahamalaza,Sofia,Analalava,Maromanjo,P059,1,0.95,1,0.1569,0,0.3676,0,0.6667,1,1,0,0.14,0.3333,0.25,0,1,0.8,0.0672,0,0,0.6667,0,0.25,0.75,0.5,0,0.3333,1,0.6667,1
Well established LMMAs,"Coral_reef,_Seagrass_bed,_Mangrove",Sahamalaza,Sofia,Analalava,Maromanjo,P060,1,0.95,1,0.0392,0,0.2794,0,0,1,1,1,0.04,0.3333,0.25,0.25,1,0,0.1507,0,0,0.6667,0.25,0.5,0.75,0,0,0.1667,1,0.6667,1
Well established LMMAs,"Coral_reef,_Seagrass_bed,_Mangrove",Sahamalaza,Sofia,Analalava,Maromanjo,P061,1,0.95,1,0.0784,0,0.3088,0,0,1,1,1,0.06,0.2083,0.25,0,0,0.8,0.1788,0,0,0.3333,0,0.25,0.75,0.5,1,0.25,0.95,0.6667,1
Well established LMMAs,"Coral_reef,_Seagrass_bed,_Mangrove",Sahamalaza,Sofia,Analalava,Maromanjo,P062,1,0.95,1,0.2353,0,0.4265,0.5,0.5,1,1,1,0.22,0.2083,0,0,1,0.8,0.1932,0,0,0.6667,0.25,0.5,1,0,1,0.1667,0.95,0.6667,1
Well established LMMAs,"Coral_reef,_Seagrass_bed,_Mangrove",Sahamalaza,Sofia,Analalava,Maromanjo,P063,1,0.99,1,0.0588,0,0.0441,0.3333,0.3333,1,1,1,0.12,0.2083,1,0.25,1,0.8,0.5785,0,0,0.6667,0.25,0,0,0.75,1,0.5833,0.95,0.8333,1
Well established LMMAs,"Coral_reef,_Seagrass_bed,_Mangrove",Sahamalaza,Sofia,Analalava,Maromanjo,P064,1,0.95,1,0.7059,0,0.7206,0,0,1,0,1,0.84,0.3333,1,0,1,0.8,0.1435,0,0,0.6667,0.75,0,0,0.75,1,0.1667,1,0.6667,1
Well established LMMAs,Mangrove,Sahamalaza,Sofia,Analalava,Analanabe,P065,1,0.98,1,0.0196,1,0.0147,0.2857,0.5714,1,0,1,0.6,0.2083,0.25,0.25,1,0.8,0.0489,0.5,0,0,0.75,0.25,0.75,0.75,1,0.6667,0.9,0.6667,1
Well established LMMAs,Mangrove,Sahamalaza,Sofia,Analalava,Analanabe,P066,1,0.97,1,0.1176,0,0.3382,0,0,1,0,1,0.1,0.2083,0.75,0,1,0,0.0395,0.5,0,0,0.75,0.25,0.25,0.5,1,0.5,0.9,0.6667,1
